Nodes	Energy (mJ)
2.0	1987.39737185
3.0	1509.35646788
4.0	1477.8548565
5.0	1972.47384719
