Nodes	Energy (mJ)
2.0	442.83751101
3.0	1914.67226927
4.0	1950.80116122
5.0	1670.33605288
6.0	677.369218967
