Nodes	Energy (mJ)
2.0	574.714187723
3.0	1042.31201619
4.0	1639.65811435
5.0	1202.01021725
6.0	432.596883052
