Nodes	Energy (mJ)	Total (mJ)
6.0	2.03465625	4.66915625
16.0	4.42540625	10.89221875
