Nodes	Energy (mJ)
2.0	1898.28027091
3.0	1439.08363762
4.0	1036.87266019
5.0	2104.09491968
6.0	544.564000221
